<?xml version="1.0" encoding="utf-8"?>
<container>
  <testcase id="251607" type="Source Code" status="Accepted" submissionDate="2017-11-02" language="Java" author="NSA/Center for Assured Software" numberOfFiles="5" testsuiteid="109">
    <description><![CDATA[CWE: 191 Integer Underflow<br/> BadSource: random Set data to a random value<br/> GoodSource: A hardcoded non-zero, non-min, non-max, even number<br/> Sinks: sub<br/> GoodSink: Ensure there will not be an underflow before subtracting 1 from data<br/> BadSink : Subtract 1 from data, which can cause an Underflow<br/> Flow Variant: 75 Data flow: data passed in a serialized object from one method to another in different source files in the same package]]></description>
    <file path="shared/87/IO.java" language="Java" size="3419" checksum="7ae738be3e76ffb6f68358293f4b46fbd875eb43"/>
    <file path="shared/87/AbstractTestCaseBase.java" language="Java" size="1041" checksum="a57da394833d42bcbcc2ed9f011c5558b8255d7e"/>
    <file path="000/251/607/CWE191_Integer_Underflow__int_random_predec_75b.java" language="Java" size="6674" checksum="70647e9a4bba6626d88db31da793e3ef3dddb8bd"/>
    <file path="shared/87/AbstractTestCase.java" language="Java" size="1912" checksum="fe06c33c9b1ceeb9326ae94ec3cdc1b0ba0d3cfa"/>
    <file path="000/251/607/CWE191_Integer_Underflow__int_random_predec_75a.java" language="Java" size="6833" checksum="2ff1fb01f2a9be717e11a3905c98953d191fe2ba">
      <mixed line="37" name="CWE-191: Integer Underflow (Wrap or Wraparound)"/>
    </file>
  </testcase>
  <testcase id="251608" type="Source Code" status="Accepted" submissionDate="2017-11-02" language="Java" author="NSA/Center for Assured Software" numberOfFiles="8" testsuiteid="109">
    <description><![CDATA[CWE: 191 Integer Underflow<br/> BadSource: random Set data to a random value<br/> GoodSource: A hardcoded non-zero, non-min, non-max, even number<br/> Sinks: sub<br/> GoodSink: Ensure there will not be an underflow before subtracting 1 from data<br/> BadSink : Subtract 1 from data, which can cause an Underflow<br/> Flow Variant: 81 Data flow: data passed in a parameter to an abstract method]]></description>
    <file path="000/251/608/CWE191_Integer_Underflow__int_random_predec_81_bad.java" language="Java" size="1119" checksum="96185ef3bb090bc2b50f48d04c34960ef7a63d97"/>
    <file path="shared/87/AbstractTestCaseBase.java" language="Java" size="1041" checksum="a57da394833d42bcbcc2ed9f011c5558b8255d7e"/>
    <file path="shared/87/IO.java" language="Java" size="3419" checksum="7ae738be3e76ffb6f68358293f4b46fbd875eb43"/>
    <file path="000/251/608/CWE191_Integer_Underflow__int_random_predec_81a.java" language="Java" size="2683" checksum="d3bbe5ff3b5b6abbccb9a47d5098f6acdcc39852">
      <mixed line="32" name="CWE-191: Integer Underflow (Wrap or Wraparound)"/>
    </file>
    <file path="000/251/608/CWE191_Integer_Underflow__int_random_predec_81_goodB2G.java" language="Java" size="1293" checksum="69484fa15490834f2b9435bf02db391f736aa8b6"/>
    <file path="000/251/608/CWE191_Integer_Underflow__int_random_predec_81_goodG2B.java" language="Java" size="1131" checksum="ae91438fd3ada56fb30c4796cf9391a7d378f4a8"/>
    <file path="shared/87/AbstractTestCase.java" language="Java" size="1912" checksum="fe06c33c9b1ceeb9326ae94ec3cdc1b0ba0d3cfa"/>
    <file path="000/251/608/CWE191_Integer_Underflow__int_random_predec_81_base.java" language="Java" size="900" checksum="a01410d9c30eb8900af10678a3ec76d54aa59f8a"/>
  </testcase>
  <testcase id="251609" type="Source Code" status="Accepted" submissionDate="2017-11-02" language="Java" author="NSA/Center for Assured Software" numberOfFiles="4" testsuiteid="109">
    <description><![CDATA[CWE: 191 Integer Underflow<br/> BadSource: URLConnection Read data from a web server with URLConnection<br/> GoodSource: A hardcoded non-zero, non-min, non-max, even number<br/> Sinks: sub<br/> GoodSink: Ensure there will not be an underflow before subtracting 1 from data<br/> BadSink : Subtract 1 from data, which can cause an Underflow<br/> Flow Variant: 01 Baseline]]></description>
    <file path="000/251/609/CWE191_Integer_Underflow__int_URLConnection_postdec_01.java" language="Java" size="7615" checksum="91cb165a08934e0cd5ea37b136ea9ab8f6c86613">
      <mixed line="101" name="CWE-191: Integer Underflow (Wrap or Wraparound)"/>
      <mixed line="53" name="CWE-191: Integer Underflow (Wrap or Wraparound)"/>
    </file>
    <file path="shared/87/AbstractTestCase.java" language="Java" size="1912" checksum="fe06c33c9b1ceeb9326ae94ec3cdc1b0ba0d3cfa"/>
    <file path="shared/87/IO.java" language="Java" size="3419" checksum="7ae738be3e76ffb6f68358293f4b46fbd875eb43"/>
    <file path="shared/87/AbstractTestCaseBase.java" language="Java" size="1041" checksum="a57da394833d42bcbcc2ed9f011c5558b8255d7e"/>
  </testcase>
  <testcase id="251610" type="Source Code" status="Accepted" submissionDate="2017-11-02" language="Java" author="NSA/Center for Assured Software" numberOfFiles="4" testsuiteid="109">
    <description><![CDATA[CWE: 191 Integer Underflow<br/> BadSource: URLConnection Read data from a web server with URLConnection<br/> GoodSource: A hardcoded non-zero, non-min, non-max, even number<br/> Sinks: sub<br/> GoodSink: Ensure there will not be an underflow before subtracting 1 from data<br/> BadSink : Subtract 1 from data, which can cause an Underflow<br/> Flow Variant: 02 Control flow: if(true) and if(false)]]></description>
    <file path="000/251/610/CWE191_Integer_Underflow__int_URLConnection_postdec_02.java" language="Java" size="13696" checksum="494743ad494b0ca7a87ba3a1f780b484ba43cbb6">
      <mixed line="107" name="CWE-191: Integer Underflow (Wrap or Wraparound)"/>
      <mixed line="51" name="CWE-191: Integer Underflow (Wrap or Wraparound)"/>
    </file>
    <file path="shared/87/IO.java" language="Java" size="3419" checksum="7ae738be3e76ffb6f68358293f4b46fbd875eb43"/>
    <file path="shared/87/AbstractTestCaseBase.java" language="Java" size="1041" checksum="a57da394833d42bcbcc2ed9f011c5558b8255d7e"/>
    <file path="shared/87/AbstractTestCase.java" language="Java" size="1912" checksum="fe06c33c9b1ceeb9326ae94ec3cdc1b0ba0d3cfa"/>
  </testcase>
  <testcase id="251611" type="Source Code" status="Accepted" submissionDate="2017-11-02" language="Java" author="NSA/Center for Assured Software" numberOfFiles="4" testsuiteid="109">
    <description><![CDATA[CWE: 191 Integer Underflow<br/> BadSource: URLConnection Read data from a web server with URLConnection<br/> GoodSource: A hardcoded non-zero, non-min, non-max, even number<br/> Sinks: sub<br/> GoodSink: Ensure there will not be an underflow before subtracting 1 from data<br/> BadSink : Subtract 1 from data, which can cause an Underflow<br/> Flow Variant: 03 Control flow: if(5==5) and if(5!=5)]]></description>
    <file path="shared/87/AbstractTestCase.java" language="Java" size="1912" checksum="fe06c33c9b1ceeb9326ae94ec3cdc1b0ba0d3cfa"/>
    <file path="shared/87/IO.java" language="Java" size="3419" checksum="7ae738be3e76ffb6f68358293f4b46fbd875eb43"/>
    <file path="shared/87/AbstractTestCaseBase.java" language="Java" size="1041" checksum="a57da394833d42bcbcc2ed9f011c5558b8255d7e"/>
    <file path="000/251/611/CWE191_Integer_Underflow__int_URLConnection_postdec_03.java" language="Java" size="13691" checksum="66f63efff2ebc52f72454472e35abf17774c08c2">
      <mixed line="107" name="CWE-191: Integer Underflow (Wrap or Wraparound)"/>
      <mixed line="51" name="CWE-191: Integer Underflow (Wrap or Wraparound)"/>
    </file>
  </testcase>
  <testcase id="251612" type="Source Code" status="Accepted" submissionDate="2017-11-02" language="Java" author="NSA/Center for Assured Software" numberOfFiles="4" testsuiteid="109">
    <description><![CDATA[CWE: 191 Integer Underflow<br/> BadSource: URLConnection Read data from a web server with URLConnection<br/> GoodSource: A hardcoded non-zero, non-min, non-max, even number<br/> Sinks: sub<br/> GoodSink: Ensure there will not be an underflow before subtracting 1 from data<br/> BadSink : Subtract 1 from data, which can cause an Underflow<br/> Flow Variant: 04 Control flow: if(PRIVATE_STATIC_FINAL_TRUE) and if(PRIVATE_STATIC_FINAL_FALSE)]]></description>
    <file path="shared/87/AbstractTestCase.java" language="Java" size="1912" checksum="fe06c33c9b1ceeb9326ae94ec3cdc1b0ba0d3cfa"/>
    <file path="000/251/612/CWE191_Integer_Underflow__int_URLConnection_postdec_04.java" language="Java" size="14353" checksum="2f47c537f680ee984c74f68fb9e229d172cd80a3">
      <mixed line="114" name="CWE-191: Integer Underflow (Wrap or Wraparound)"/>
      <mixed line="58" name="CWE-191: Integer Underflow (Wrap or Wraparound)"/>
    </file>
    <file path="shared/87/AbstractTestCaseBase.java" language="Java" size="1041" checksum="a57da394833d42bcbcc2ed9f011c5558b8255d7e"/>
    <file path="shared/87/IO.java" language="Java" size="3419" checksum="7ae738be3e76ffb6f68358293f4b46fbd875eb43"/>
  </testcase>
  <testcase id="251613" type="Source Code" status="Accepted" submissionDate="2017-11-02" language="Java" author="NSA/Center for Assured Software" numberOfFiles="4" testsuiteid="109">
    <description><![CDATA[CWE: 191 Integer Underflow<br/> BadSource: URLConnection Read data from a web server with URLConnection<br/> GoodSource: A hardcoded non-zero, non-min, non-max, even number<br/> Sinks: sub<br/> GoodSink: Ensure there will not be an underflow before subtracting 1 from data<br/> BadSink : Subtract 1 from data, which can cause an Underflow<br/> Flow Variant: 05 Control flow: if(privateTrue) and if(privateFalse)]]></description>
    <file path="000/251/613/CWE191_Integer_Underflow__int_URLConnection_postdec_05.java" language="Java" size="14123" checksum="b1ec514048575e067224129e4f1ea1578c5deb08">
      <mixed line="114" name="CWE-191: Integer Underflow (Wrap or Wraparound)"/>
      <mixed line="58" name="CWE-191: Integer Underflow (Wrap or Wraparound)"/>
    </file>
    <file path="shared/87/IO.java" language="Java" size="3419" checksum="7ae738be3e76ffb6f68358293f4b46fbd875eb43"/>
    <file path="shared/87/AbstractTestCaseBase.java" language="Java" size="1041" checksum="a57da394833d42bcbcc2ed9f011c5558b8255d7e"/>
    <file path="shared/87/AbstractTestCase.java" language="Java" size="1912" checksum="fe06c33c9b1ceeb9326ae94ec3cdc1b0ba0d3cfa"/>
  </testcase>
  <testcase id="251614" type="Source Code" status="Accepted" submissionDate="2017-11-02" language="Java" author="NSA/Center for Assured Software" numberOfFiles="4" testsuiteid="109">
    <description><![CDATA[CWE: 191 Integer Underflow<br/> BadSource: URLConnection Read data from a web server with URLConnection<br/> GoodSource: A hardcoded non-zero, non-min, non-max, even number<br/> Sinks: sub<br/> GoodSink: Ensure there will not be an underflow before subtracting 1 from data<br/> BadSink : Subtract 1 from data, which can cause an Underflow<br/> Flow Variant: 06 Control flow: if(PRIVATE_STATIC_FINAL_FIVE==5) and if(PRIVATE_STATIC_FINAL_FIVE!=5)]]></description>
    <file path="shared/87/AbstractTestCaseBase.java" language="Java" size="1041" checksum="a57da394833d42bcbcc2ed9f011c5558b8255d7e"/>
    <file path="000/251/614/CWE191_Integer_Underflow__int_URLConnection_postdec_06.java" language="Java" size="14301" checksum="a106c646d90074e66f6162b2e3418854e82293a9">
      <mixed line="56" name="CWE-191: Integer Underflow (Wrap or Wraparound)"/>
      <mixed line="112" name="CWE-191: Integer Underflow (Wrap or Wraparound)"/>
    </file>
    <file path="shared/87/IO.java" language="Java" size="3419" checksum="7ae738be3e76ffb6f68358293f4b46fbd875eb43"/>
    <file path="shared/87/AbstractTestCase.java" language="Java" size="1912" checksum="fe06c33c9b1ceeb9326ae94ec3cdc1b0ba0d3cfa"/>
  </testcase>
  <testcase id="251615" type="Source Code" status="Accepted" submissionDate="2017-11-02" language="Java" author="NSA/Center for Assured Software" numberOfFiles="4" testsuiteid="109">
    <description><![CDATA[CWE: 191 Integer Underflow<br/> BadSource: URLConnection Read data from a web server with URLConnection<br/> GoodSource: A hardcoded non-zero, non-min, non-max, even number<br/> Sinks: sub<br/> GoodSink: Ensure there will not be an underflow before subtracting 1 from data<br/> BadSink : Subtract 1 from data, which can cause an Underflow<br/> Flow Variant: 07 Control flow: if(privateFive==5) and if(privateFive!=5)]]></description>
    <file path="shared/87/AbstractTestCase.java" language="Java" size="1912" checksum="fe06c33c9b1ceeb9326ae94ec3cdc1b0ba0d3cfa"/>
    <file path="000/251/615/CWE191_Integer_Underflow__int_URLConnection_postdec_07.java" language="Java" size="14092" checksum="1cfc5dccf3ae1edbb4f8489eb7324baeaed24bc9">
      <mixed line="112" name="CWE-191: Integer Underflow (Wrap or Wraparound)"/>
      <mixed line="56" name="CWE-191: Integer Underflow (Wrap or Wraparound)"/>
    </file>
    <file path="shared/87/AbstractTestCaseBase.java" language="Java" size="1041" checksum="a57da394833d42bcbcc2ed9f011c5558b8255d7e"/>
    <file path="shared/87/IO.java" language="Java" size="3419" checksum="7ae738be3e76ffb6f68358293f4b46fbd875eb43"/>
  </testcase>
  <testcase id="251616" type="Source Code" status="Accepted" submissionDate="2017-11-02" language="Java" author="NSA/Center for Assured Software" numberOfFiles="4" testsuiteid="109">
    <description><![CDATA[CWE: 191 Integer Underflow<br/> BadSource: URLConnection Read data from a web server with URLConnection<br/> GoodSource: A hardcoded non-zero, non-min, non-max, even number<br/> Sinks: sub<br/> GoodSink: Ensure there will not be an underflow before subtracting 1 from data<br/> BadSink : Subtract 1 from data, which can cause an Underflow<br/> Flow Variant: 08 Control flow: if(privateReturnsTrue()) and if(privateReturnsFalse())]]></description>
    <file path="shared/87/AbstractTestCaseBase.java" language="Java" size="1041" checksum="a57da394833d42bcbcc2ed9f011c5558b8255d7e"/>
    <file path="shared/87/IO.java" language="Java" size="3419" checksum="7ae738be3e76ffb6f68358293f4b46fbd875eb43"/>
    <file path="000/251/616/CWE191_Integer_Underflow__int_URLConnection_postdec_08.java" language="Java" size="14295" checksum="6d3f02b69fe1493b04854f549ce3fe79092cc7ea">
      <mixed line="120" name="CWE-191: Integer Underflow (Wrap or Wraparound)"/>
      <mixed line="64" name="CWE-191: Integer Underflow (Wrap or Wraparound)"/>
    </file>
    <file path="shared/87/AbstractTestCase.java" language="Java" size="1912" checksum="fe06c33c9b1ceeb9326ae94ec3cdc1b0ba0d3cfa"/>
  </testcase>
  <testcase id="251617" type="Source Code" status="Accepted" submissionDate="2017-11-02" language="Java" author="NSA/Center for Assured Software" numberOfFiles="4" testsuiteid="109">
    <description><![CDATA[CWE: 191 Integer Underflow<br/> BadSource: URLConnection Read data from a web server with URLConnection<br/> GoodSource: A hardcoded non-zero, non-min, non-max, even number<br/> Sinks: sub<br/> GoodSink: Ensure there will not be an underflow before subtracting 1 from data<br/> BadSink : Subtract 1 from data, which can cause an Underflow<br/> Flow Variant: 09 Control flow: if(IO.STATIC_FINAL_TRUE) and if(IO.STATIC_FINAL_FALSE)]]></description>
    <file path="shared/87/AbstractTestCase.java" language="Java" size="1912" checksum="fe06c33c9b1ceeb9326ae94ec3cdc1b0ba0d3cfa"/>
    <file path="shared/87/IO.java" language="Java" size="3419" checksum="7ae738be3e76ffb6f68358293f4b46fbd875eb43"/>
    <file path="shared/87/AbstractTestCaseBase.java" language="Java" size="1041" checksum="a57da394833d42bcbcc2ed9f011c5558b8255d7e"/>
    <file path="000/251/617/CWE191_Integer_Underflow__int_URLConnection_postdec_09.java" language="Java" size="13952" checksum="4e21002acc74d249b54d2f2d98a694319638c1c3">
      <mixed line="107" name="CWE-191: Integer Underflow (Wrap or Wraparound)"/>
      <mixed line="51" name="CWE-191: Integer Underflow (Wrap or Wraparound)"/>
    </file>
  </testcase>
  <testcase id="251618" type="Source Code" status="Accepted" submissionDate="2017-11-02" language="Java" author="NSA/Center for Assured Software" numberOfFiles="4" testsuiteid="109">
    <description><![CDATA[CWE: 191 Integer Underflow<br/> BadSource: URLConnection Read data from a web server with URLConnection<br/> GoodSource: A hardcoded non-zero, non-min, non-max, even number<br/> Sinks: sub<br/> GoodSink: Ensure there will not be an underflow before subtracting 1 from data<br/> BadSink : Subtract 1 from data, which can cause an Underflow<br/> Flow Variant: 10 Control flow: if(IO.staticTrue) and if(IO.staticFalse)]]></description>
    <file path="shared/87/AbstractTestCase.java" language="Java" size="1912" checksum="fe06c33c9b1ceeb9326ae94ec3cdc1b0ba0d3cfa"/>
    <file path="shared/87/IO.java" language="Java" size="3419" checksum="7ae738be3e76ffb6f68358293f4b46fbd875eb43"/>
    <file path="shared/87/AbstractTestCaseBase.java" language="Java" size="1041" checksum="a57da394833d42bcbcc2ed9f011c5558b8255d7e"/>
    <file path="000/251/618/CWE191_Integer_Underflow__int_URLConnection_postdec_10.java" language="Java" size="13840" checksum="59f29491d2110707f0dcd26b6d253c3b226b9e31">
      <mixed line="107" name="CWE-191: Integer Underflow (Wrap or Wraparound)"/>
      <mixed line="51" name="CWE-191: Integer Underflow (Wrap or Wraparound)"/>
    </file>
  </testcase>
  <testcase id="251619" type="Source Code" status="Accepted" submissionDate="2017-11-02" language="Java" author="NSA/Center for Assured Software" numberOfFiles="4" testsuiteid="109">
    <description><![CDATA[CWE: 191 Integer Underflow<br/> BadSource: URLConnection Read data from a web server with URLConnection<br/> GoodSource: A hardcoded non-zero, non-min, non-max, even number<br/> Sinks: sub<br/> GoodSink: Ensure there will not be an underflow before subtracting 1 from data<br/> BadSink : Subtract 1 from data, which can cause an Underflow<br/> Flow Variant: 11 Control flow: if(IO.staticReturnsTrue()) and if(IO.staticReturnsFalse())]]></description>
    <file path="shared/87/IO.java" language="Java" size="3419" checksum="7ae738be3e76ffb6f68358293f4b46fbd875eb43"/>
    <file path="shared/87/AbstractTestCaseBase.java" language="Java" size="1041" checksum="a57da394833d42bcbcc2ed9f011c5558b8255d7e"/>
    <file path="000/251/619/CWE191_Integer_Underflow__int_URLConnection_postdec_11.java" language="Java" size="13985" checksum="967c56d1785ca0386c6251a60cd877580f89a976">
      <mixed line="107" name="CWE-191: Integer Underflow (Wrap or Wraparound)"/>
      <mixed line="51" name="CWE-191: Integer Underflow (Wrap or Wraparound)"/>
    </file>
    <file path="shared/87/AbstractTestCase.java" language="Java" size="1912" checksum="fe06c33c9b1ceeb9326ae94ec3cdc1b0ba0d3cfa"/>
  </testcase>
  <testcase id="251620" type="Source Code" status="Accepted" submissionDate="2017-11-02" language="Java" author="NSA/Center for Assured Software" numberOfFiles="4" testsuiteid="109">
    <description><![CDATA[CWE: 191 Integer Underflow<br/> BadSource: URLConnection Read data from a web server with URLConnection<br/> GoodSource: A hardcoded non-zero, non-min, non-max, even number<br/> Sinks: sub<br/> GoodSink: Ensure there will not be an underflow before subtracting 1 from data<br/> BadSink : Subtract 1 from data, which can cause an Underflow<br/> Flow Variant: 12 Control flow: if(IO.staticReturnsTrueOrFalse())]]></description>
    <file path="shared/87/AbstractTestCaseBase.java" language="Java" size="1041" checksum="a57da394833d42bcbcc2ed9f011c5558b8255d7e"/>
    <file path="shared/87/IO.java" language="Java" size="3419" checksum="7ae738be3e76ffb6f68358293f4b46fbd875eb43"/>
    <file path="shared/87/AbstractTestCase.java" language="Java" size="1912" checksum="fe06c33c9b1ceeb9326ae94ec3cdc1b0ba0d3cfa"/>
    <file path="000/251/620/CWE191_Integer_Underflow__int_URLConnection_postdec_12.java" language="Java" size="12850" checksum="fef12ca36a7ad6c211a023e059a412d99585bb82">
      <mixed line="51" name="CWE-191: Integer Underflow (Wrap or Wraparound)"/>
      <mixed line="108" name="CWE-191: Integer Underflow (Wrap or Wraparound)"/>
    </file>
  </testcase>
  <testcase id="251621" type="Source Code" status="Accepted" submissionDate="2017-11-02" language="Java" author="NSA/Center for Assured Software" numberOfFiles="4" testsuiteid="109">
    <description><![CDATA[CWE: 191 Integer Underflow<br/> BadSource: URLConnection Read data from a web server with URLConnection<br/> GoodSource: A hardcoded non-zero, non-min, non-max, even number<br/> Sinks: sub<br/> GoodSink: Ensure there will not be an underflow before subtracting 1 from data<br/> BadSink : Subtract 1 from data, which can cause an Underflow<br/> Flow Variant: 13 Control flow: if(IO.STATIC_FINAL_FIVE==5) and if(IO.STATIC_FINAL_FIVE!=5)]]></description>
    <file path="shared/87/IO.java" language="Java" size="3419" checksum="7ae738be3e76ffb6f68358293f4b46fbd875eb43"/>
    <file path="shared/87/AbstractTestCaseBase.java" language="Java" size="1041" checksum="a57da394833d42bcbcc2ed9f011c5558b8255d7e"/>
    <file path="000/251/621/CWE191_Integer_Underflow__int_URLConnection_postdec_13.java" language="Java" size="13995" checksum="d2b0c7ff830a7d5b3fc90c8d4f5cf517f83b8f35">
      <mixed line="107" name="CWE-191: Integer Underflow (Wrap or Wraparound)"/>
      <mixed line="51" name="CWE-191: Integer Underflow (Wrap or Wraparound)"/>
    </file>
    <file path="shared/87/AbstractTestCase.java" language="Java" size="1912" checksum="fe06c33c9b1ceeb9326ae94ec3cdc1b0ba0d3cfa"/>
  </testcase>
  <testcase id="251622" type="Source Code" status="Accepted" submissionDate="2017-11-02" language="Java" author="NSA/Center for Assured Software" numberOfFiles="4" testsuiteid="109">
    <description><![CDATA[CWE: 191 Integer Underflow<br/> BadSource: URLConnection Read data from a web server with URLConnection<br/> GoodSource: A hardcoded non-zero, non-min, non-max, even number<br/> Sinks: sub<br/> GoodSink: Ensure there will not be an underflow before subtracting 1 from data<br/> BadSink : Subtract 1 from data, which can cause an Underflow<br/> Flow Variant: 14 Control flow: if(IO.staticFive==5) and if(IO.staticFive!=5)]]></description>
    <file path="shared/87/IO.java" language="Java" size="3419" checksum="7ae738be3e76ffb6f68358293f4b46fbd875eb43"/>
    <file path="shared/87/AbstractTestCaseBase.java" language="Java" size="1041" checksum="a57da394833d42bcbcc2ed9f011c5558b8255d7e"/>
    <file path="000/251/622/CWE191_Integer_Underflow__int_URLConnection_postdec_14.java" language="Java" size="13883" checksum="7b0bbd28a5d593141d892db0e3b00899c6800e95">
      <mixed line="51" name="CWE-191: Integer Underflow (Wrap or Wraparound)"/>
      <mixed line="107" name="CWE-191: Integer Underflow (Wrap or Wraparound)"/>
    </file>
    <file path="shared/87/AbstractTestCase.java" language="Java" size="1912" checksum="fe06c33c9b1ceeb9326ae94ec3cdc1b0ba0d3cfa"/>
  </testcase>
  <testcase id="251623" type="Source Code" status="Accepted" submissionDate="2017-11-02" language="Java" author="NSA/Center for Assured Software" numberOfFiles="4" testsuiteid="109">
    <description><![CDATA[CWE: 191 Integer Underflow<br/> BadSource: URLConnection Read data from a web server with URLConnection<br/> GoodSource: A hardcoded non-zero, non-min, non-max, even number<br/> Sinks: sub<br/> GoodSink: Ensure there will not be an underflow before subtracting 1 from data<br/> BadSink : Subtract 1 from data, which can cause an Underflow<br/> Flow Variant: 15 Control flow: switch(6) and switch(7)]]></description>
    <file path="shared/87/AbstractTestCase.java" language="Java" size="1912" checksum="fe06c33c9b1ceeb9326ae94ec3cdc1b0ba0d3cfa"/>
    <file path="000/251/623/CWE191_Integer_Underflow__int_URLConnection_postdec_15.java" language="Java" size="14802" checksum="447c78b1ba1089f87277d1f89a479e7a4f72e37a">
      <mixed line="110" name="CWE-191: Integer Underflow (Wrap or Wraparound)"/>
      <mixed line="53" name="CWE-191: Integer Underflow (Wrap or Wraparound)"/>
    </file>
    <file path="shared/87/AbstractTestCaseBase.java" language="Java" size="1041" checksum="a57da394833d42bcbcc2ed9f011c5558b8255d7e"/>
    <file path="shared/87/IO.java" language="Java" size="3419" checksum="7ae738be3e76ffb6f68358293f4b46fbd875eb43"/>
  </testcase>
  <testcase id="251624" type="Source Code" status="Accepted" submissionDate="2017-11-02" language="Java" author="NSA/Center for Assured Software" numberOfFiles="4" testsuiteid="109">
    <description><![CDATA[CWE: 191 Integer Underflow<br/> BadSource: URLConnection Read data from a web server with URLConnection<br/> GoodSource: A hardcoded non-zero, non-min, non-max, even number<br/> Sinks: sub<br/> GoodSink: Ensure there will not be an underflow before subtracting 1 from data<br/> BadSink : Subtract 1 from data, which can cause an Underflow<br/> Flow Variant: 16 Control flow: while(true)]]></description>
    <file path="shared/87/AbstractTestCase.java" language="Java" size="1912" checksum="fe06c33c9b1ceeb9326ae94ec3cdc1b0ba0d3cfa"/>
    <file path="shared/87/AbstractTestCaseBase.java" language="Java" size="1041" checksum="a57da394833d42bcbcc2ed9f011c5558b8255d7e"/>
    <file path="000/251/624/CWE191_Integer_Underflow__int_URLConnection_postdec_16.java" language="Java" size="8530" checksum="cb68d3e0f89763bf69096511b04a9ad41a0fcbb3">
      <mixed line="103" name="CWE-191: Integer Underflow (Wrap or Wraparound)"/>
      <mixed line="52" name="CWE-191: Integer Underflow (Wrap or Wraparound)"/>
    </file>
    <file path="shared/87/IO.java" language="Java" size="3419" checksum="7ae738be3e76ffb6f68358293f4b46fbd875eb43"/>
  </testcase>
  <testcase id="251625" type="Source Code" status="Accepted" submissionDate="2017-11-02" language="Java" author="NSA/Center for Assured Software" numberOfFiles="4" testsuiteid="109">
    <description><![CDATA[CWE: 191 Integer Underflow<br/> BadSource: URLConnection Read data from a web server with URLConnection<br/> GoodSource: A hardcoded non-zero, non-min, non-max, even number<br/> Sinks: sub<br/> GoodSink: Ensure there will not be an underflow before subtracting 1 from data<br/> BadSink : Subtract 1 from data, which can cause an Underflow<br/> Flow Variant: 17 Control flow: for loops]]></description>
    <file path="shared/87/AbstractTestCase.java" language="Java" size="1912" checksum="fe06c33c9b1ceeb9326ae94ec3cdc1b0ba0d3cfa"/>
    <file path="shared/87/AbstractTestCaseBase.java" language="Java" size="1041" checksum="a57da394833d42bcbcc2ed9f011c5558b8255d7e"/>
    <file path="000/251/625/CWE191_Integer_Underflow__int_URLConnection_postdec_17.java" language="Java" size="8063" checksum="8d92cd57e84627baa9086f701adf3681e397c89f">
      <mixed line="108" name="CWE-191: Integer Underflow (Wrap or Wraparound)"/>
      <mixed line="58" name="CWE-191: Integer Underflow (Wrap or Wraparound)"/>
    </file>
    <file path="shared/87/IO.java" language="Java" size="3419" checksum="7ae738be3e76ffb6f68358293f4b46fbd875eb43"/>
  </testcase>
  <testcase id="251626" type="Source Code" status="Accepted" submissionDate="2017-11-02" language="Java" author="NSA/Center for Assured Software" numberOfFiles="4" testsuiteid="109">
    <description><![CDATA[CWE: 191 Integer Underflow<br/> BadSource: URLConnection Read data from a web server with URLConnection<br/> GoodSource: A hardcoded non-zero, non-min, non-max, even number<br/> Sinks: sub<br/> GoodSink: Ensure there will not be an underflow before subtracting 1 from data<br/> BadSink : Subtract 1 from data, which can cause an Underflow<br/> Flow Variant: 21 Control flow: Flow controlled by value of a private variable. All functions contained in one file.]]></description>
    <file path="shared/87/AbstractTestCaseBase.java" language="Java" size="1041" checksum="a57da394833d42bcbcc2ed9f011c5558b8255d7e"/>
    <file path="shared/87/IO.java" language="Java" size="3419" checksum="7ae738be3e76ffb6f68358293f4b46fbd875eb43"/>
    <file path="000/251/626/CWE191_Integer_Underflow__int_URLConnection_postdec_21.java" language="Java" size="12096" checksum="669f2a359c17ceb14f811557263937a48274734a">
      <mixed line="56" name="CWE-191: Integer Underflow (Wrap or Wraparound)"/>
    </file>
    <file path="shared/87/AbstractTestCase.java" language="Java" size="1912" checksum="fe06c33c9b1ceeb9326ae94ec3cdc1b0ba0d3cfa"/>
  </testcase>
</container>
